[
    {
        "alias": "",
        "armOrientation": "right",
        "coordinate": [
            122.5154037475586,
            351.50201416015625,
            170,
            -100,
            0,
            0
        ],
        "load": 0,
        "name": "P1",
        "tool": 0,
        "user": 0
    },
    {
        "alias": "",
        "armOrientation": "right",
        "coordinate": [
            4.726799964904785,
            207.6157989501953,
            134.69540405273438,
            -100,
            0,
            0
        ],
        "load": 0,
        "name": "P2",
        "tool": 0,
        "user": 0
    },
    {
        "alias": "",
        "armOrientation": "right",
        "coordinate": [
            44.56439971923828,
            207.101806640625,
            134.59109497070312,
            -100,
            0,
            0
        ],
        "load": 0,
        "name": "P3",
        "tool": 0,
        "user": 0
    },
    {
        "alias": "",
        "armOrientation": "right",
        "coordinate": [
            6.665599822998047,
            247.1313018798828,
            134.29150390625,
            -100,
            0,
            0
        ],
        "load": 0,
        "name": "P4",
        "tool": 0,
        "user": 0
    },
    {
        "alias": "",
        "armOrientation": "right",
        "coordinate": [
            45.42259979248047,
            246.82090759277344,
            133.6719970703125,
            -100,
            0,
            0
        ],
        "load": 0,
        "name": "P5",
        "tool": 0,
        "user": 0
    },
    {
        "alias": "",
        "armOrientation": "right",
        "coordinate": [
            5.997300148010254,
            287.0932922363281,
            134.4488983154297,
            -100,
            0,
            0
        ],
        "load": 0,
        "name": "P6",
        "tool": 0,
        "user": 0
    },
    {
        "alias": "",
        "armOrientation": "right",
        "coordinate": [
            44.53730010986328,
            286.2135925292969,
            135.3946075439453,
            -100,
            0,
            0
        ],
        "load": 0,
        "name": "P7",
        "tool": 0,
        "user": 0
    },
    {
        "alias": "",
        "armOrientation": "left",
        "coordinate": [
            280.9652099609375,
            -55.4911003112793,
            77.78849792480469,
            -100,
            0,
            0
        ],
        "load": 0,
        "name": "P8",
        "tool": 0,
        "user": 0
    },
    {
        "alias": "",
        "armOrientation": "right",
        "coordinate": [
            256.69830322265625,
            173.04690551757812,
            112.76899719238281,
            -100,
            0,
            0
        ],
        "load": 0,
        "name": "P9",
        "tool": 0,
        "user": 0
    },
    {
        "alias": "",
        "armOrientation": "right",
        "coordinate": [
            256.9526062011719,
            218.93919372558594,
            118.90399932861328,
            -100,
            0,
            0
        ],
        "load": 0,
        "name": "P10",
        "tool": 0,
        "user": 0
    },
    {
        "alias": "",
        "armOrientation": "right",
        "coordinate": [
            264.65350341796875,
            264.77130126953125,
            117.22930145263672,
            -100,
            0,
            0
        ],
        "load": 0,
        "name": "P11",
        "tool": 0,
        "user": 0
    },
    {
        "alias": "",
        "armOrientation": "right",
        "coordinate": [
            256.76629638671875,
            306.294189453125,
            114.89199829101562,
            -100,
            0,
            0
        ],
        "load": 0,
        "name": "P12",
        "tool": 0,
        "user": 0
    },
    {
        "alias": "",
        "armOrientation": "right",
        "coordinate": [
            126.48919677734375,
            203.63160705566406,
            130.61720275878906,
            -100,
            0,
            0
        ],
        "load": 0,
        "name": "P13",
        "tool": 0,
        "user": 0
    }
]
